state,hom,pop,rate
Chiapas,613,4878763,12.5646603453
Tabasco,162,1366049,11.8590182343
Quintana Roo,269,1366049,19.6918265743
Campeche,59,833787,7.0761477452
